theme_id,theme_name,quote_code,stock_name,membership,role
memory,記憶體,2408,南亞科,core,DRAM原廠
memory,記憶體,2344,華邦電,core,利基型DRAM與NOR Flash
memory,記憶體,2337,旺宏,core,NOR Flash與NAND Flash
memory,記憶體,8299,群聯,core,NAND控制器與儲存方案
memory,記憶體,3260,威剛,core,記憶體模組
memory,記憶體,4967,十銓,core,記憶體模組
memory,記憶體,5289,宜鼎,core,工控記憶體與儲存
memory,記憶體,2451,創見,core,記憶體模組與工控儲存
memory,記憶體,3006,晶豪科,core,利基型記憶體IC
memory,記憶體,6531,愛普*,core,利基型記憶體與PIM
memory,記憶體,5351,鈺創,core,利基型DRAM設計
memory,記憶體,8271,宇瞻,core,工控記憶體模組
memory,記憶體,6485,點序,core,NAND控制器
memory,記憶體,6239,力成,adjacent,記憶體封裝測試
memory,記憶體,8110,華東,adjacent,記憶體封裝測試
memory,記憶體,6770,力積電,adjacent,成熟製程與記憶體製造
pcb_material,高階PCB材料,1802,台玻,core,玻纖布
pcb_material,高階PCB材料,1815,富喬,core,電子級玻纖布
pcb_material,高階PCB材料,5475,德宏,core,電子級玻纖布
pcb_material,高階PCB材料,5340,建榮,core,電子級玻纖布
pcb_material,高階PCB材料,2383,台光電,core,高階CCL
pcb_material,高階PCB材料,6274,台燿,core,高階CCL
pcb_material,高階PCB材料,6213,聯茂,core,高階CCL
pcb_material,高階PCB材料,6672,騰輝電子-KY,core,特殊材料CCL
pcb_material,高階PCB材料,8358,金居,core,銅箔
pcb_material,高階PCB材料,1303,南亞,adjacent,銅箔與樹脂材料
pcb_material,高階PCB材料,1717,長興,adjacent,樹脂與電子材料
pcb_material,高階PCB材料,4764,雙鍵,adjacent,特用化學與材料添加劑
pcb_material,高階PCB材料,8039,台虹,adjacent,軟板材料FCCL
pcb_material,高階PCB材料,4939,亞電,adjacent,軟板材料
pcb_board,PCB與伺服器板,2368,金像電,core,AI伺服器PCB
pcb_board,PCB與伺服器板,2313,華通,core,HDI與衛星PCB
pcb_board,PCB與伺服器板,4958,臻鼎-KY,core,綜合PCB
pcb_board,PCB與伺服器板,3715,定穎投控,core,伺服器與車用PCB
pcb_board,PCB與伺服器板,2367,燿華,core,HDI與衛星PCB
pcb_board,PCB與伺服器板,3044,健鼎,core,多層PCB
pcb_board,PCB與伺服器板,5469,瀚宇博,core,伺服器PCB
pcb_board,PCB與伺服器板,6191,精成科,core,多層PCB
pcb_board,PCB與伺服器板,2355,敬鵬,adjacent,車用與衛星PCB
pcb_board,PCB與伺服器板,8021,尖點,adjacent,鑽針與PCB製程
abf_substrate,ABF與BT載板,3037,欣興,core,ABF與BT載板
abf_substrate,ABF與BT載板,8046,南電,core,ABF與BT載板
abf_substrate,ABF與BT載板,3189,景碩,core,ABF與BT載板
passive,被動元件,2327,國巨*,core,MLCC與晶片電阻
passive,被動元件,2492,華新科,core,MLCC與晶片電阻
passive,被動元件,3026,禾伸堂,core,MLCC
passive,被動元件,6173,信昌電,core,MLCC
passive,被動元件,6834,天二科技,core,晶片電阻
passive,被動元件,2375,凱美,core,電容與電阻
passive,被動元件,2472,立隆電,core,鋁質電解電容
passive,被動元件,6449,鈺邦,core,固態電容
passive,被動元件,5328,華容,core,電容
passive,被動元件,2428,興勤,adjacent,保護與感測元件
passive,被動元件,6127,九豪,adjacent,陶瓷基板與被動元件
passive,被動元件,3090,日電貿,adjacent,被動元件通路
silicon_wafer,矽晶圓,6488,環球晶,core,半導體矽晶圓
silicon_wafer,矽晶圓,3532,台勝科,core,半導體矽晶圓
silicon_wafer,矽晶圓,6182,合晶,core,半導體矽晶圓
silicon_wafer,矽晶圓,3016,嘉晶,core,磊晶與矽晶圓
silicon_wafer,矽晶圓,5483,中美晶,adjacent,環球晶母公司與材料
silicon_wafer,矽晶圓,8028,昇陽半導體,adjacent,再生晶圓
cpo,CPO與矽光子,3081,聯亞,core,光通訊磊晶
cpo,CPO與矽光子,4979,華星光,core,高速光模組
cpo,CPO與矽光子,3163,波若威,core,被動光元件
cpo,CPO與矽光子,3450,聯鈞,core,光通訊元件與封裝
cpo,CPO與矽光子,6442,光聖,core,光通訊連接元件
cpo,CPO與矽光子,3363,上詮,core,光纖陣列與FAU
cpo,CPO與矽光子,4977,眾達-KY,core,高速光收發模組
cpo,CPO與矽光子,4971,IET-KY,core,化合物半導體磊晶
cpo,CPO與矽光子,3234,光環,core,光通訊元件
cpo,CPO與矽光子,6426,統新,core,光學鍍膜元件
cpo,CPO與矽光子,2455,全新,adjacent,砷化鎵磊晶
cpo,CPO與矽光子,3105,穩懋,adjacent,化合物半導體晶圓代工
cpo,CPO與矽光子,4991,環宇-KY,adjacent,化合物半導體
cpo,CPO與矽光子,3008,大立光,adjacent,精密光學與FAU新題材
cpo,CPO與矽光子,3711,日月光投控,adjacent,CPO封裝整合
semi_equipment,半導體設備廠務測試,1560,中砂,core,再生晶圓與鑽石碟
semi_equipment,半導體設備廠務測試,3680,家登,core,晶圓載具與EUV光罩盒
semi_equipment,半導體設備廠務測試,3583,辛耘,core,半導體設備
semi_equipment,半導體設備廠務測試,3131,弘塑,core,濕製程設備
semi_equipment,半導體設備廠務測試,6187,萬潤,core,封裝設備
semi_equipment,半導體設備廠務測試,6640,均華,core,封裝設備
semi_equipment,半導體設備廠務測試,2467,志聖,core,熱製程設備
semi_equipment,半導體設備廠務測試,5536,聖暉*,core,無塵室與廠務
semi_equipment,半導體設備廠務測試,6613,朋億*,core,高科技廠務
semi_equipment,半導體設備廠務測試,3402,漢科,core,高科技廠務
semi_equipment,半導體設備廠務測試,7769,鴻勁,core,測試分選設備
semi_equipment,半導體設備廠務測試,2360,致茂,core,量測與測試設備
semi_equipment,半導體設備廠務測試,6223,旺矽,core,探針卡
semi_equipment,半導體設備廠務測試,6515,穎崴,core,測試座與介面
semi_equipment,半導體設備廠務測試,6510,精測,core,探針卡與測試介面
semi_equipment,半導體設備廠務測試,6683,雍智科技,core,測試介面
advanced_packaging,先進封裝與專業封測,3711,日月光投控,core,先進封裝與測試
advanced_packaging,先進封裝與專業封測,2449,京元電子,core,晶片測試
advanced_packaging,先進封裝與專業封測,3374,精材,core,晶圓級封裝
advanced_packaging,先進封裝與專業封測,6239,力成,core,記憶體封裝測試
advanced_packaging,先進封裝與專業封測,6257,矽格,core,IC封裝測試
advanced_packaging,先進封裝與專業封測,3264,欣銓,core,IC測試
advanced_packaging,先進封裝與專業封測,2329,華泰,core,IC封裝測試
advanced_packaging,先進封裝與專業封測,8150,南茂,core,記憶體與驅動IC封測
advanced_packaging,先進封裝與專業封測,6147,頎邦,core,驅動IC封測
ai_server,AI伺服器與機構件,6669,緯穎,core,雲端伺服器ODM
ai_server,AI伺服器與機構件,2382,廣達,core,AI伺服器ODM
ai_server,AI伺服器與機構件,3231,緯創,core,AI伺服器ODM
ai_server,AI伺服器與機構件,2317,鴻海,core,AI伺服器與機櫃整合
ai_server,AI伺服器與機構件,2356,英業達,core,伺服器ODM
ai_server,AI伺服器與機構件,2376,技嘉,adjacent,伺服器與板卡
ai_server,AI伺服器與機構件,2357,華碩,adjacent,伺服器與板卡
ai_server,AI伺服器與機構件,8210,勤誠,core,伺服器機殼
ai_server,AI伺服器與機構件,3013,晟銘電,core,伺服器機殼與機櫃
ai_server,AI伺服器與機構件,6117,迎廣,core,伺服器機殼
ai_server,AI伺服器與機構件,3693,營邦,core,伺服器機殼
ai_server,AI伺服器與機構件,2059,川湖,core,伺服器滑軌
ai_server,AI伺服器與機構件,3533,嘉澤,core,伺服器連接器
ai_server,AI伺服器與機構件,6805,富世達,adjacent,伺服器機構件
cooling,液冷與散熱,3017,奇鋐,core,液冷與氣冷散熱
cooling,液冷與散熱,3324,雙鴻,core,液冷與氣冷散熱
cooling,液冷與散熱,3653,健策,core,均熱與散熱零件
cooling,液冷與散熱,8996,高力,core,熱交換器
cooling,液冷與散熱,2421,建準,core,風扇與散熱
cooling,液冷與散熱,6230,尼得科超眾,core,散熱模組
cooling,液冷與散熱,3338,泰碩,core,散熱模組
cooling,液冷與散熱,3483,力致,core,散熱模組
cooling,液冷與散熱,6805,富世達,adjacent,液冷機構件
power_bbu,電源供應與BBU,2308,台達電,core,資料中心電源
power_bbu,電源供應與BBU,2301,光寶科,core,伺服器電源
power_bbu,電源供應與BBU,6412,群電,core,伺服器電源
power_bbu,電源供應與BBU,6282,康舒,core,電源供應器
power_bbu,電源供應與BBU,6409,旭隼,core,UPS
power_bbu,電源供應與BBU,3211,順達,core,BBU與電池模組
power_bbu,電源供應與BBU,6781,AES-KY,core,BBU電池模組
power_bbu,電源供應與BBU,4931,新盛力,core,電池模組
power_bbu,電源供應與BBU,6121,新普,core,電池模組
power_bbu,電源供應與BBU,3323,加百裕,core,電池模組
power_bbu,電源供應與BBU,3032,偉訓,adjacent,伺服器電源與機殼
power_bbu,電源供應與BBU,3015,全漢,core,電源供應器
power_bbu,電源供應與BBU,3078,僑威,core,電源供應器
power_bbu,電源供應與BBU,6203,海韻電,core,電源供應器
network,高速網通與交換器,2345,智邦,core,資料中心交換器
network,高速網通與交換器,3596,智易,core,寬頻網通設備
network,高速網通與交換器,5388,中磊,core,寬頻網通設備
network,高速網通與交換器,6285,啟碁,core,無線網通與衛星終端
network,高速網通與交換器,3704,合勤控,core,網通設備
network,高速網通與交換器,3380,明泰,core,網通設備
network,高速網通與交換器,4906,正文,core,網通設備
network,高速網通與交換器,3062,建漢,core,網通設備
network,高速網通與交換器,2379,瑞昱,adjacent,網通IC
network,高速網通與交換器,2454,聯發科,adjacent,網通與邊緣運算IC
leo,低軌衛星,3491,昇達科,core,衛星通訊RF元件
leo,低軌衛星,6285,啟碁,core,衛星地面終端
leo,低軌衛星,2314,台揚,core,衛星通訊設備
leo,低軌衛星,4906,正文,core,衛星與網通設備
leo,低軌衛星,5222,全訊,core,高頻功率放大器
leo,低軌衛星,2313,華通,core,衛星PCB
leo,低軌衛星,2367,燿華,core,衛星PCB
leo,低軌衛星,2355,敬鵬,adjacent,衛星PCB
leo,低軌衛星,4916,事欣科,adjacent,航太與衛星設備製造
leo,低軌衛星,3178,公準,adjacent,航太精密製造
asic_ip,ASIC與矽智財,2454,聯發科,core,ASIC與SoC設計
asic_ip,ASIC與矽智財,3443,創意,core,ASIC設計服務
asic_ip,ASIC與矽智財,3661,世芯-KY,core,ASIC設計服務
asic_ip,ASIC與矽智財,3035,智原,core,ASIC設計服務
asic_ip,ASIC與矽智財,3529,力旺,core,矽智財
asic_ip,ASIC與矽智財,6643,M31,core,矽智財
asic_ip,ASIC與矽智財,5269,祥碩,core,高速傳輸IC
asic_ip,ASIC與矽智財,5274,信驊,adjacent,伺服器BMC
asic_ip,ASIC與矽智財,6531,愛普*,adjacent,記憶體架構與PIM
asic_ip,ASIC與矽智財,6415,矽力*-KY,adjacent,電源管理IC
asic_ip,ASIC與矽智財,2330,台積電,adjacent,先進製程製造
panel,面板與面板級封裝,3481,群創,core,LCD面板與FOPLP
panel,面板與面板級封裝,2409,友達,core,LCD面板與Micro LED
panel,面板與面板級封裝,6116,彩晶,core,LCD面板
panel,面板與面板級封裝,4960,誠美材,adjacent,偏光板
panel,面板與面板級封裝,8215,明基材,adjacent,偏光片與光學材料
robotics,Physical AI與機器人,4585,達明,core,協作型機器人
robotics,Physical AI與機器人,6215,和椿,core,機器人整合
robotics,Physical AI與機器人,2359,所羅門,core,機器視覺與機器人整合
robotics,Physical AI與機器人,2395,研華,core,工業電腦與邊緣AI
robotics,Physical AI與機器人,6166,凌華,core,工業電腦與控制
robotics,Physical AI與機器人,6414,樺漢,core,工業電腦與系統整合
robotics,Physical AI與機器人,2464,盟立,core,自動化整合
robotics,Physical AI與機器人,2049,上銀,core,線性傳動
robotics,Physical AI與機器人,1590,亞德客-KY,core,氣動與傳動元件
robotics,Physical AI與機器人,4576,大銀微系統,core,線性馬達與傳動
robotics,Physical AI與機器人,4540,全球傳動,core,線性傳動
robotics,Physical AI與機器人,1597,直得,core,線性滑軌
robotics,Physical AI與機器人,8374,羅昇,adjacent,自動化零組件
robotics,Physical AI與機器人,4571,鈞興-KY,core,精密齒輪
robotics,Physical AI與機器人,4583,台灣精銳,core,精密減速機
defense,軍工無人機無人船,8033,雷虎,core,無人機
defense,軍工無人機無人船,5371,中光電,core,無人機與光電酬載
defense,軍工無人機無人船,7402,邑錡,core,無人機影像與系統
defense,軍工無人機無人船,6517,保勝光學,core,軍用光學
defense,軍工無人機無人船,2634,漢翔,core,軍機與航太
defense,軍工無人機無人船,2630,亞航,core,軍機維修
defense,軍工無人機無人船,2645,長榮航太,core,航太製造與維修
defense,軍工無人機無人船,4541,晟田,core,航太零組件
defense,軍工無人機無人船,1584,精剛,core,航太特殊合金
defense,軍工無人機無人船,6753,龍德造船,core,軍艦與無人船
defense,軍工無人機無人船,2208,台船,core,軍艦與船舶
defense,軍工無人機無人船,5222,全訊,adjacent,軍用高頻功率放大器
defense,軍工無人機無人船,4916,事欣科,adjacent,航太電子製造
defense,軍工無人機無人船,3178,公準,adjacent,航太精密製造
shipping_event,中東事件與航運,2603,長榮,core,貨櫃航運
shipping_event,中東事件與航運,2609,陽明,core,貨櫃航運
shipping_event,中東事件與航運,2615,萬海,core,貨櫃航運
shipping_event,中東事件與航運,2605,新興,core,散裝航運
shipping_event,中東事件與航運,2637,慧洋-KY,core,散裝航運
shipping_event,中東事件與航運,5608,四維航,core,散裝航運
shipping_event,中東事件與航運,2606,裕民,core,散裝航運
shipping_event,中東事件與航運,2617,台航,core,散裝航運
shipping_event,中東事件與航運,2636,台驊控股,adjacent,貨運承攬
shipping_event,中東事件與航運,2618,長榮航,adjacent,油價衝擊反向觀察
power_semiconductor,功率半導體與成熟製程,2303,聯電,core,成熟製程晶圓代工
power_semiconductor,功率半導體與成熟製程,6770,力積電,core,成熟製程晶圓代工
power_semiconductor,功率半導體與成熟製程,5347,世界,core,成熟製程晶圓代工
power_semiconductor,功率半導體與成熟製程,3707,漢磊,core,功率半導體晶圓代工
power_semiconductor,功率半導體與成熟製程,2434,統懋,core,功率二極體
power_semiconductor,功率半導體與成熟製程,2481,強茂,core,功率二極體
power_semiconductor,功率半導體與成熟製程,8255,朋程,core,車用功率元件
power_semiconductor,功率半導體與成熟製程,3675,德微,core,功率二極體
power_semiconductor,功率半導體與成熟製程,5425,台半,core,功率半導體
power_semiconductor,功率半導體與成熟製程,8261,富鼎,core,MOSFET
power_semiconductor,功率半導體與成熟製程,3317,尼克森,core,MOSFET
power_semiconductor,功率半導體與成熟製程,6435,大中,core,MOSFET
power_semiconductor,功率半導體與成熟製程,5299,杰力,core,電源管理與MOSFET
power_semiconductor,功率半導體與成熟製程,6138,茂達,adjacent,電源管理IC
